HPBALL_NSC.1_shRUNX158.1_DN,HPBALL_NSC.1_shRUNX158.1_UP,HPBALL_NSC.2_shRUNX158.2_DN,HPBALL_NSC.2_shRUNX158.2_UP,KOPTK1_NOTCH1-On-Off_2_DN,KOPTK1_NOTCH1-On-Off_2_UP,KOPTK1_NOTCH1-On-Off_DN,KOPTK1_NOTCH1-On-Off_UP,KOPTK1_RUNX1-On-Off59_DN,KOPTK1_RUNX1-On-Off59_UP,KOPTK1_RUNX1-On-Off_DN,KOPTK1_RUNX1-On-Off_UP,KOPTK1_NSC.1_shRUNX158.1_DN,KOPTK1_NSC.1_shRUNX158.1_UP,KOPTK1_NSC.2_shRUNX158.2_DN,KOPTK1_NSC.2_shRUNX158.2_UP,RPMI_NSC.1_shRUNX158.1_DN,RPMI_NSC.1_shRUNX158.1_UP,RPMI_NSC.2_shRUNX158.2_DN,RPMI_NSC.2_shRUNX158.2_UP
CD38,DPEP1,LASP1,BAIAP3,FGR,TENM1,FGR,SCML1,HSPA5,CFH,FGR,CFTR,LASP1,CFTR,FGR,CFTR,POLR2J,CFTR,C19orf60,CFTR
PON1,STAP1,CD38,STAP1,LAS1L,CASP8,CFH,SYNE2,HERPUD1,CFTR,LASP1,ALS2,EHD3,ALS2,DBF4,CD4,NR1H3,CDKL5,HMGB3,RHBDD2
RANBP9,ANGPT2,RANBP9,CDH1,CYP51A1,ABCA7,CFTR,ABCA7,PCGF2,CD99,SARM1,CASP10,PKM,CD4,MPND,GLRX2,KCNH2,ZNF582,RCN1,CD79B
MRC2,SQLE,UBR7,C4orf27,LAP3,CHI3L2,FKBP4,CHI3L2,RAP1GAP,USH1C,WDR54,PON1,ACSL4,HSD17B10,FUZ,ARNTL2,LIMCH1,ARID1B,WDR3,MAPK8IP2
HSPA5,CKM,CENPQ,LZTS1,FKBP4,CD84,ABCC8,TRIB2,DYNLL1,JARID2,CROT,RHBDD2,NUCKS1,FTL,ATP6V1H,GAB2,CDON,CD84,PKM,RUNX3
ISOC1,HOXA5,GEMIN8,HSD17B10,DHX33,SDK2,USH1C,RAP1GAP,RBL2,ETV7,DBF4,ASB4,MAPK6,FLT3LG,PKM,HSD17B10,PKM,CTTNBP2,FSTL3,ATP6V0A1
FUNDC1,FAM208B,PHPT1,STXBP2,ABCC8,TRIB2,NME2,PTPRC,GATA3,PHF7,TKTL1,USH1C,NOTCH3,NDFIP2,GPKOW,SEC31B,HSP90AA1,FGFR1,TRIB2,GEMIN8
GPR137B,PSMD9,LY75,SNRPA,USH1C,RAP1GAP,PRKCH,FCGBP,VAT1,ALOX5,SPAG9,CD4,SF3B2,KCNN4,PGM1,RAP1GAP,ITGA6,AAMDC,JMJD4,GPC1
CD82,TREML2,SLC2A3,FYB,GGCT,P2RY10,METTL1,ITGA6,ALDOC,DPEP1,MPND,ALOX5,HDAC10,SIGLEC6,SF3B2,FKBP7,PLTP,XBP1,MTIF2,CD84
SF3B2,ST3GAL5,CHI3L2,CTTN,PRSS21,TP53INP2,NOP16,CEBPE,HSPA8,SERPINB1,IL32,DPEP1,SMEK1,ATP6V0A4,DDTL,FTL,PGK1,CCDC22,ITGA6,LRRC16A
CMTM1,ABCD3,ISOC1,FTL,CELSR3,PTPRC,CC2D2A,RNF215,CHORDC1,EHD2,UBE3C,CHDH,E2F1,DNTT,RPRD1B,PAPLN,SLC7A5,BMX,TSPAN15,ZNF264
PCSK5,PLEKHG1,NUCKS1,PDRG1,NME2,TFAP2C,RRP12,LGALS1,ANAPC15,PRKCH,RANBP9,RUNX3,RPRD1B,FRG1,MYL12A,NDFIP2,BCKDK,CAPS,PGK1,AAMDC
MYBL2,CHRNA2,MGAT4A,MCAT,SLC38A5,YPEL3,MRTO4,RASSF2,GUCA1B,FAM13B,SPRTN,SERPINB1,PGK1,ING4,PGK1,SIGLEC6,MTFMT,RNF32,RBM3,GNA11
PIM2,LIAS,SMC1A,PYGL,TTC27,FCGBP,YBX3,CCL22,SSR3,GAB2,MRC2,CCDC28A,KPNA3,GNPTAB,KPNA3,TMEM205,GDF10,HOXA6,SLC7A5,YPEL3
PGK1,B9D2,NOTCH3,NDUFAF5,RUNX3,PLEKHG2,BCAT1,CLIP3,SNX17,PARP3,SLC38A5,PRKCH,SLC7A6,PRKAB1,HAS3,DNTT,YWHAE,DNTT,BCKDK,SLC25A1
BCKDK,ADORA2A,STARD7,CKM,ABCF2,ITGA6,ISOC2,SIGLEC6,MTFR1L,H6PD,CD44,GAB2,SLC7A5,CUTA,SLC7A5,KLHL2,CCDC86,CHIC2,NKG7,CCDC134
TSPAN13,CCL25,CD82,GRIK5,FAM136A,CEBPE,IPO5,C7orf63,HSPH1,CREB3L3,TNFRSF1B,ATP6V0A1,BCKDK,SCAMP3,CD79A,CISH,SNX3,ALDH2,ETHE1,BMX
PPIF,RP11-178L8.4,SEPHS1,RASA4,FLT4,SH2D3C,WDR3,EPHB6,RAP1B,CASP8,SLC4A7,FAM65A,SQLE,LAMTOR2,WDR83OS,YPEL5,ATP6V0E1,CDKN1B,OGN,FLT1
YWHAE,WNT10A,SF3B2,CPVL,NSUN2,KLHL22,PKM,DNTT,SDF2L1,TM7SF3,MFAP3,CYFIP2,WDR83OS,RDH10,PPIF,RDH10,IGFBP2,NEDD9,YWHAE,LYL1
SELPLG,THSD1,PDCD7,HSPB1,METTL1,CYTH4,PTPN3,GATA3,C1QL1,CHI3L2,VCAN,GNA15,KANK1,NRN1,YWHAE,MT2A,RHOU,TXNIP,SNX3,STX10
PTGES3,TMEM63B,TMEM38B,ACTR3C,VCAN,LGALS1,TFRC,RASD1,E2F5,TRAM2,PNKP,CREB3L3,PPIF,SDCBP2,CCDC86,MYO18B,EBNA1BP2,SLC19A2,HBEGF,NMRK1
CNOT6,NDUFAF1,SH2D3C,OBFC1,NOP16,ABHD4,TRHDE,IL23A,ARNT,ADAT1,RTN4R,TM7SF3,YWHAE,DYNLRB1,RASAL1,BHLHE40,SASH3,MYCT1,RHOU,MAP3K8
ATP6V0E1,ITGB1BP2,C19orf77,FAM208B,PTGER3,RASSF2,NOTCH3,PRKAB1,QDPR,TNFRSF1A,HSPA5,RASGRP2,KLHL2,PTPN12,MDGA1,TMEM60,RNF11,FAM124B,PCDHB14,ALDOC
CR2,IDNK,APOL1,ELP4,RRP12,PPP1R16B,ENO1,BACH2,TMEM123,IFI35,ATP6V1H,BCL3,RASAL1,IGLL1,SAYSD1,SCEL,PMEPA1,DYNLRB1,SNRPC,STK38
ELOVL4,RGPD3,LGMN,ADPRHL2,MRTO4,RNF125,TXK,ARRDC3,PDE6D,RASGRP2,HDAC9,HSD17B10,WASF1,GMFG,SNX3,GCHFR,SNRPC,L3HYPDH,EMR2,CD2
IFIT3,RPIA,MYBL2,ABCD3,POLR3E,BMF,ACAT1,SIPA1L2,CD1A,BCL3,LIMA1,SEC31B,SNX3,MPP1,ATP6V0E1,ENPEP,MT2A,LDLR,IGLL1,TXNIP
CXorf21,CEBPG,TCFL5,CASQ2,TARBP1,OLFM2,EXOSC5,ID3,SLC45A3,ST6GALNAC1,SLC4A8,RAP1GAP,CNOT6,SEC61G,PLEKHB2,ZC3HAV1L,FLRT1,JUND,PPAN,CCDC181
EBPL,VOPP1,PGK1,FAM206A,YBX3,CLIP3,PKP1,PROX1,DEDD2,MBNL3,HERPUD1,FTL,IL4,BHLHE40,COX7A2L,ITGB1BP2,IGLL1,RBM38,COX4I1,BSPRY
RAB38,FGF18,JADE3,YPEL5,PTPRU,SIGLEC6,P2RX5,DUSP1,POLR3K,FGFR1,PIK3CB,C3orf18,ATP6V0E1,KCNK1,CR2,RPP38,ANAPC13,DDB2,COQ3,MYCT1
SNRPC,MIS18A,PBDC1,UFM1,BCAT1,ATP6V0A4,SEH1L,SLC25A2,PLK1,ITM2A,USE1,ICAM1,ABHD14A-ACY1,SCEL,CENPF,NLRP14,PPAN,PKIB,GAD2,MSANTD2
MT2A,IER2,FAM173A,CHRNA2,ISOC2,ABHD17B,PUS7,CCR2,RCOR2,KEAP1,GINM1,FLT3LG,IGFBP2,ENPEP,FAM86A,CBR3,COX4I1,CHST12,MYC,ZNF211
CCR7,ACTG2,SLC7A5,RDH10,NTHL1,DNTT,HSP90AB1,GLIPR2,HIST1H1E,FLT3LG,ZNF280C,C19orf77,EPAS1,TLDC1,GPR68,ZNF66,COQ3,DNAJC1,ALDH1B1,FAM124B
ANAPC13,NPPC,KLC3,LAX1,WDR3,GATA3,PES1,NFE2,STIP1,PDPR,DCBLD2,OSM,ATF6,PYURF,EGR1,MICALL2,LGALS12,ALG10,TUBB2A,HIST1H3B
CBFA2T3,ICOS,YWHAE,CKS2,WDR18,RGS9,TTLL12,GNMT,FOS,HECTD1,YBX3,PIK3IP1,GPR75,C17orf103,PLS1,GKAP1,TNS3,VAMP1,SRP9,SLC35B3
SESN2,EGFLAM,MMD,SBDS,PDIA5,RASD1,CTSG,KCNK17,BANP,CLSPN,WDR3,BIK,EGR1,ATP5J,CD244,AQP3,GAD2,GPA33,SCD5,STAT5A
COX4I1,SLC25A32,PTGES3,ABHD8,MTHFD2,IL23A,C20orf27,AHNAK,HSPA6,CECR1,PDIA5,GRAP2,SNRPC,RRAGA,B9D2,DOLPP1,MYC,XCL1,GZMA,LDLR
PRR7,INPPL1,C12orf57,IDUA,RRP15,DUSP16,TRIB3,STAT5A,LIPM,CDC6,SMARCD1,ABHD4,HIST1H1D,PPP1R35,TTPAL,SOAT2,NDUFS6,PLEKHA6,SLC18B1,ULBP2
SH3BP5,PCBD1,SNX3,ZFP36,POLR1A,CDKN1B,AHCY,TAS2R3,SLC6A19,C19orf77,ISOC1,CTSG,GPR18,S100A11,SNRPC,SLC23A1,ANKRD1,LIPT1,TENM4,GGT7
RFX1,GABARAP,ATP6V0E1,ADORA2A,ASNS,PRKAB1,CD40LG,CDKN2D,GJC3,CIRBP,PKM,DHRS2,KLF2,ABHD6,HIST1H3B,C20orf196,TENM4,NCEH1,PTPN14,RBM38
RNF122,SERPINB9,KIAA1324,C12orf65,EIF2B3,CD83,GGA2,KIAA1683,DDX10,HCN2,ACSL4,NDUFAF5,ANAPC13,NDUFS4,TMEM115,LIG4,LPHN3,PLAC8,SCN3A,TMCC2
POM121C,CD8B,RHOU,RP11-178L8.4,TCOF1,BACH2,TIMM50,JUND,EIF3C,OSM,NUCKS1,RNF125,GAMT,IFI27L1,NR1D1,DDIT3,DST,DOK3,TSPAN7,RARRES3
CD164,SSH3,MYCL,THOC6,TFRC,ARRDC3,GPI,MYO18B,GNB1L,YPEL1,CLEC2D,RENBP,XPO7,SOAT2,UXT,DOLK,SLA,GNRH1,GPR114,RSAD2
ZDHHC4,TNFRSF10C,GBP3,EIF5A,SCARB1,KLHL24,MPP6,STAM,TAF9B,LGALS1,MAPK6,NDFIP2,COX4I1,TMEM208,SDF2L1,FAM27A,ADAMTS3,PRDM8,NR2F6,PRR5L
SIT1,CHST2,CR2,MTSS1L,NLE1,OTOF,TFEC,HEMGN,STK40,APOBEC3H,DGCR2,FLT1,FBXO21,EFNA1,XPO7,SELL,TSPAN7,PTPRD,CD3G,PKIB
G3BP2,LPAR5,ELOVL4,NXT1,NOTCH3,PRG4,GARS,CDH24,HSPA1B,APOL4,CDC42,RGCC,DTX1,UGP2,C1QL1,LAGE3,HK2,SPON2,GRASP,PLXNC1
SLC39A8,NUDT17,SIL1,RFC3,BCS1L,ID3,EIF3B,PELI2,HSPA1A,CTSG,MGAT4A,CLN5,NAT10,C14orf142,COX4I1,TAF13,LRRC3,NBEAL2,VANGL2,CHST12
DET1,UBE2H,KHDRBS1,LMO2,TXK,PROX1,IMPDH1,HAPLN3,EIF3CL,GZMB,CHFR,KCNN4,ZDHHC4,RNMTL1,TMEM66,ZFP2,CD3G,PPP1R35,LZTFL1,KIF13A
SRP9,C15orf62,SPRYD7,WNT10A,ACAT1,YPEL5,NPM3,ADAMTS10,C20orf202,ISM2,TRHDE,DENND3,IER3,CEBPB,CCNB1,QTRT1,ELAVL4,JOSD2,CDC25A,KHK
CTDSPL,HIATL2,EBPL,SLC41A2,REXO2,DUSP1,MAP3K8,EPHA5,FAM72D,KIAA0247,NOTCH3,SIGLEC6,G3BP2,NRROS,DTX1,ZSWIM8,LZTFL1,SLAMF6,CTHRC1,SLC35A5
GFRA3,DYNC1H1,SNRPC,TBC1D4,TPD52,CCR2,DNAJC12,CDH18,RPA3-AS1,PCK2,TXK,ATP6V0A4,GALNT6,ZNHIT2,RCBTB2,AC027763.2,LMO1,PBXIP1,TTC7B,NBPF3
SHROOM2,NPIPB6,LRRC29,LRRC1,EXOSC5,LAX1,C1QBP,DAAM2,MEX3A,TRIB3,CST7,TFEC,TMBIM6,LIG4,ZDHHC4,C6orf226,PDIA3,STT3B,ANTXR1,GPA33
SURF1,FAM216A,MT2A,LLPH,CST7,GLIPR2,CCDC86,GPR174,,E2F1,UBE2D4,GIMAP2,GPR65,SLC25A20,CTDSPL2,B3GNT9,TTC39C,SERPINI1,MYO7B,XCL1
SLC43A1,PPAPDC2,BCL2L12,PHLDA1,KIAA0020,CDKN2C,OAS2,PXDNL,,CD40LG,PGM1,AEBP1,CDR2,TIGD2,NDUFAF1,RPL36A-HNRNPH2,COA6,CPA3,ADORA2B,PHOSPHO2
EME1,REPIN1,IFI6,HAPLN3,PKP1,RUNX2,RASAL1,ARID5B,,NDFIP2,ARG2,DNTT,SKAP1,PRF1,G3BP2,RP11-315D16.2,HIST1H1E,UCN,MZB1,PHLDB2
CD1A,AL353354.1,NRL,SLC14A1,P2RX5,GPR18,MAN1A1,NMT2,,QPRT,JMJD4,CPT1A,ZNF593,SLC35F3,TMBIM6,RP11-505K9.4,MYO7B,SLC9B1,JUNB,PLAC8
CD1C,AC009403.2,CBFA2T3,PMAIP1,ITGAE,FOSB,SLC29A1,CD96,,CCNE1,TNPO1,PVRL1,CREG1,UQCR10,MBNL2,RP11-156P1.2,GLRX,C4orf3,SLC25A33,DOK3
C2orf81,TIGD1,COX4I1,ZNF385B,CAD,HCST,POLR3G,ABCA6,,CD79A,STARD7,ING4,MCL1,RNLS,SIK1,RP11-5A19.5,NUDT18,KDM1B,PPP1R14B,PRDM8
ALDH4A1,RDH14,SH3BP5,MYH15,SEH1L,PRKCG,IL4,AFF2,,NKG7,SEH1L,GNPTAB,SRP9,UBALD2,CTD-2545M3.6,RP11-302M6.4,CCR9,COMTD1,CCR9,PTPRD
CD3G,KB-1980E6.3,ENOSF1,SH3KBP1,DIMT1,EVI2A,PEX5L,TMSB15A,,SIGLEC6,SEPHS1,PRKAB1,MANF,FAM212A,CREG1,,USMG5,IFI27L1,CCDC85B,C6orf57
JAK1,PIGY,DDB2,ZP1,NOP14,ADORA2A,FARSB,GPR153,,ATP6V0A4,SF3B2,SLC27A6,SLC18B1,SELL,SLC39A1,,NRIP3,SERTAD3,SPHK1,FZD7
H3F3A,RP11-87C12.2,FBXO21,TIMM8B,SNX5,ALDH1A2,RHOU,BTG2,,TFEC,DYNLL1,ERGIC1,PTGES2,HIST1H2BH,SRP9,,KCTD12,ADPRM,CDK5R1,DEPTOR
LYSMD1,CTD-2545G14.7,POM121C,CCRN4L,ESF1,CDKN2D,SRM,ZNF66,,VIPR2,SIRPG,CISH,GLB1L2,RCSD1,SNRPG,,TEX19,S1PR1,CTXN1,HIST1H4H
CDC25A,CTD-2162K18.4,MYO1G,ME3,PUS7,CBFA2T3,CR2,CACFD1,,DNTT,P2RX7,ITGA4,CETN3,C6orf48,LYG1,,RIPK4,ZNF57,EXOSC4,GAB3
POC1A,UPK3BL,SLC31A2,ZNF385D,HSP90AB1,PXDN,EBNA1BP2,SLC2A6,,CYTH1,SPTLC1,ARID3A,TSPAN7,GPR56,PPP1R18,,FAM46C,RAB37,NOP10,IL6R
HPRT1,CTD-2528L19.4,CCBL2,RGPD3,TIMM13,C1QL1,CD3EAP,CCR5,,LGALS3BP,PDCD7,PTBP2,FZD1,TMEM256,SNX12,,LIN28B,DAB1,FAM46C,STT3B
TTC7B,POLR2J2,ATRAID,CEBPG,MTAP,ZSWIM4,MTHFD1L,CELF5,,SH2B3,PUS7,COLEC11,HIST1H2BD,C6orf226,ASB6,,POM121,CDC26,ACOT1,CPA3
RAB8B,CTC-429P9.4,SPPL2A,GTF3C6,TRMT2A,RSAD2,EGR1,DRAXIN,,GNPTAB,ITGA6,NPC2,RUNX1,DHFR,CHEK1,,TMEM256,EID2,PRSS57,KDM1B
HDGFRP3,,SHF,FGF18,RANBP1,CMPK2,SOCS2,VANGL2,,TMEM14C,NLRP1,AREL1,ALDH4A1,AP001468.1,PTS,,PRR22,C20orf197,KCNQ5,ZCCHC24
PPIB,,HERC5,TYSND1,OSM,CCDC64,TNFRSF8,DENND2D,,IL17F,CEBPE,YPEL5,CD3G,ARPC4,RMND5A,,NRAS,MUC20,GNG2,PDZD8
PDIA3,,G3BP2,CELF5,PES1,NT5E,TNFSF10,C2orf48,,CD83,AAAS,RDH10,H3F3A,PIGY,SLA,,PPAN-P2RY11,ACER2,MT1X,IQCD
SERINC2,,DUSP6,ACTG2,POLR2F,TBC1D4,CD244,HPGDS,,TREML2,TMEM38B,SDCBP2,CDC25A,RP11-463C8.4,TSPAN7,,P2RY11,KCNA3,ARL4C,RILP
TMEM126A,,TMBIM6,S100A11,TTLL12,TTYH3,PRDX4,PBXIP1,,CISH,PSMD5,DYNLRB1,NDST3,ATP6C,CCNB2,,TM4SF2,PTRF,POM121,SLC50A1
ESCO2,,MFGE8,NPPC,MIEF1,STAM,NLN,PI16,,STAT1,GCAT,PCNXL4,STK17A,RP11-96O20.4,ESYT3,,RP11-463D19.2,VN1R1,GPR56,CMTM8
SUCLG2,,SLC39A1,EGFLAM,POLR3H,USP20,MATN4,TP53INP1,,RHOU,GSTZ1,FBXL16,ABTB2,CLN3,HIST1H2BD,,,PLEC,CDPF1,TMEM182
MSRB3,,SRP9,SDCCAG3,DESI1,HEMGN,PMEPA1,SLC18A2,,ADPRHL2,PCK2,IGLL1,RAB8B,TIMM10B,ELK4,,,GRINA,LAT,EPHX4
C11orf45,,NKD2,C2,CTSG,SIX3,SH3TC1,GFI1B,,EGR1,MYBL2,ALDH1A2,MSS51,CTC-273B12.7,BTG2,,,DPM3,C17orf89,ZMAT3
TCP11L1,,PPP1R18,CD52,PRMT5,CCNG2,MT2A,PTPLA,,SOCS2,KIF3B,CDKN2D,PDIA3,CTD-3105H18.16,CD3G,,,C11orf71,P2RY11,BNIP3
FZD2,,SHROOM2,TIGD4,GNPNAT1,SLC46A3,POLR1B,SMPD1,,RDH10,RPRD1B,EPB41L4A,GNGT2,,JOSD2,,,HIST1H2AC,AP000304.12,KCNA3
TIGD2,,SLC16A2,CST2,TIMM9,DHH,TRAP1,SLFN5,,TNFSF10,PPP1R16B,PGPEP1,MFSD3,,FLYWCH2,,,CHST13,TM4SF2,PTRF
GAS1,,GPR174,SERPINB9,C20orf27,CDH24,CHAC1,RHOH,,CD244,RBFA,JUND,CD300A,,H3F3A,,,ST20,MTRNR2L8,C14orf39
ALYREF,,OGT,MAP1LC3B2,TRIB3,PELI2,MRM1,CD52,,NFE2,MYL12A,MPP1,HIST1H1E,,LZTFL1,,,HIST2H4B,RP11-343C2.7,C10orf91
RBM43,,SPC25,ENC1,AHCY,MFGE8,ASS1,GPR183,,ZNFX1,MOSPD1,SH3BP5,MYO7B,,CDC25A,,,NOG,AC013449.1,HIST1H2AC
TNFRSF4,,RMND5A,CD8B,CD40LG,ADAMTS10,PPAN,CD14,,PTGIS,PGK1,GFPT2,SLC25A33,,NDUFAF2,,,ZNF703,,TNRC18
HIST1H1C,,GNAQ,ZNF738,EARS2,EPHA5,CLUH,ZNF296,,CDKN1A,MAGT1,CA6,DCP2,,TRUB2,,,SH2D1A,,YBEY
HIST1H2BM,,TSC22D3,CCDC96,DNAJA3,SCD5,MYBBP1A,APLN,,RUNX2,TIMP1,MYO18B,ZNF622,,PRDX2,,,HIST2H4A,,FAM101B
HIST1H4C,,PALM2-AKAP2,HSPA6,KNOP1,DAAM2,ALDH3B2,CXXC5,,S1PR4,PORCN,BHLHE40,CHMP6,,CD300A,,,HDDC3,,NOG
F8A1,,RHPN1,ESRRA,RHOV,PNRC1,GIMAP4,SCG2,,DYNLRB1,KPNA3,RSAD2,NDUFAF3,,TK1,,,EVI2B,,SH2D1A
PRIM1,,HIST1H2BD,TRIB1,SQLE,GPR174,LARS,FOXB1,,HCST,CORO1A,SRPK2,EXOSC4,,DDIT4,,,INSIG1,,DMWD
HIST2H3C,,HIST1H4H,AKIRIN1,SLC39A14,CABLES2,FKBP11,RASGRP1,,TUBA4A,NFAT5,MTO1,SNX18,,HIST1H2AE,,,ZNF669,,EVI2B
TMEM256,,CD1A,CHST2,TRMT1,ARID5B,LDHA,LIPM,,ZFP36,N4BP1,KCNK1,PCED1B,,LCMT2,,,ZNF565,,INSIG1
LYRM5,,CD3G,SWI5,TIMM44,TMEM86A,IL15RA,SPTBN2,,IGLL1,SLC7A6,THSD1,C6orf223,,IFFO2,,,HIST1H2AG,,GCNT1
MDP1,,PAQR4,WDR25,TIMM50,CD96,YARS,LIG4,,LIF,FAM173A,SCEL,GLUD2,,GLB1,,,NPIPB9,,HIST1H1C
AC007956.1,,H3F3A,THAP4,GRWD1,C17orf103,PSAT1,CNIH2,,IRF5,SLC7A5,CHST12,ALYREF,,CORO1B,,,ZNF98,,SELL
EXOSC6,,CDC25A,GTPBP6,BCAT2,PTPRN2,DTX1,SHISA2,,E2F8,BCKDK,AOAH,HDDC3,,SLC6A19,,,KLHDC1,,WDSUB1
HIST1H2AM,,NDUFS4,DPM3,RAB3A,CDK19,LMO2,ZNF792,,JUND,PYCRL,TANK,RAB11B,,UCP2,,,C6orf48,,C17orf59
ISY1,,PRPF18,ANXA2,SSBP1,AFF2,RCBTB2,PTGDR2,,ATG4D,SQLE,USP20,ANKRD46,,CCDC71,,,ZNF805,,HIST1H4C
TMEFF1,,TTC7B,TUBA8,GARS,TMSB15A,BZW2,PTPN20B,,CA6,LEPROTL1,FXYD2,SAPCD2,,IMP3,,,HLA-E,,CCDC167
MSANTD3-TMEFF1,,RAB8B,ACOT1,EIF3B,GPR153,TBRG4,CCR4,,CHSY1,TUSC3,GCHFR,KDM4D,,HIST1H2BC,,,CRLF2,,ZFP2
RP11-724O16.1,,RAG1,LRRC14B,AIMP2,GDPD5,SCN7A,PTP4A3,,FLOT2,MAN2B1,CDK15,TCEA1,,MB21D2,,,C8orf44,,C6orf48
RP11-565P22.6,,HDGFRP3,SOCS1,IMPDH1,RUNX1,MYC,LRRC70,,GIMAP6,GYS1,ENPEP,POM121,,NOP10,,,C17orf67,,HSPA1A
ZFP91-CNTF,,PDIA3,CCDC30,PALD1,BTG2,HMGA1,CXCR3,,BHLHE40,ERCC2,LEF1,DDI2,,CMC4,,,LTB,,HLA-E
FXYD6-FXYD2,,SERINC2,UBE2H,C10orf2,CACFD1,LRPPRC,HIST1H2BG,,EDEM1,WDR83OS,GABARAPL1,EME2,,GLUD2,,,RP11-159G9.5,,ADAT3
PRR24,,CA5B,SPIN2B,NPM3,SLC2A6,ATIC,SELL,,DDB2,ETHE1,FBLN5,ZNF121,,ALYREF,,,AP001468.1,,NPIPA3
RP11-371E8.4,,IFFO2,TMEM216,GTPBP4,GATS,ANXA3,SCXA,,SRPK2,MTPN,SS18,F8A2,,POU6F1,,,NSUN6,,ERVFRD-1
RP11-322E11.6,,CDH2,NWD1,BCCIP,CELF5,ENPEP,CTSE,,MDFIC,PLEKHA8,SAT2,FAM127B,,HIST1H1B,,,ERVFRD-1,,SCARF2
RP11-178C3.1,,PTEN,AKR1C3,MAP3K8,FAM171A2,LPAR6,C1orf186,,LMO2,TSPAN13,NBPF3,DFNB59,,PTP4A3,,,RP1-130H16.18,,RP1-130H16.18
AC010646.3,,SNTG2,ASB13,C1QBP,DRAXIN,SORD,TMEM26,,MDM2,POLD2,TINAGL1,ZNF805,,PURA,,,ZNF345,,AP000295.9
,,PARP14,C20orf96,GRPEL1,DHRS3,IGF1R,SRGAP1,,MYO1G,PALD1,MYH15,KM-PA-2,,RAB11B,,,AP006621.5,,TAP2
,,PPP1R3B,RGPD4,GAR1,VANGL2,PMM2,ZNF460,,TM6SF1,PPIF,NCEH1,SYCE1L,,IFIT1,,,RP11-162P23.2,,RP11-101E3.5
,,MSRB3,DYNC1H1,ZNF259,SLAMF6,IRF8,NTRK1,,BRIP1,MLLT6,TCTA,NRAS,,SAPCD2,,,CTD-2054N24.2,,SHANK3
,,TMEM81,LRP10,CCDC86,ATF3,PMAIP1,CCDC69,,PIM1,GOSR1,SFRP2,RSC1A1,,HIST1H1C,,,RP11-315D16.2,,NACA2
,,SH3PXD2B,S100A6,PPFIBP1,FAIM3,SERBP1,ZNF521,,TCF19,DUSP3,RNF44,RPA3-AS1,,HES4,,,RP11-1099M24.7,,SLC10A5
,,EMR1,LNP1,LTA4H,PBXIP1,SUSD4,TOX,,ENPEP,YWHAE,RAB19,HIST1H2AM,,ZNF563,,,CTB-133G6.1,,ZBED6
,,TYMS,REPIN1,NAA25,HHIP,GPR17,RORB,,GUCD1,MMD,PLIN2,EIF4EBP3,,HIST1H2AI,,,GTSCR1,,PRR24
,,ACER2,MGC10955,SCNN1A,CTHRC1,HSPD1,DDAH2,,ETV6,MAP2K6,CDKN2A,AC069368.3,,HIST1H4C,,,RP11-599B13.6,,AC025263.3
,,FUCA1,AC005481.5,OAS2,TP53INP1,SHQ1,AL355490.1,,DUSP6,ALDOC,ITPRIP,TM4SF2,,HIST1H3J,,,DYNLL2,,SOX7
,,CALR,GLTPD1,RASAL1,SLC7A3,ECE2,FLJ20373,,BRCA2,CRTAM,UTRN,C8orf88,,DDI2,,,CTD-2370N5.3,,CTD-2370N5.3
,,ZDHHC20,SERPINB10,NOP2,HEPACAM,PLAC8,GATSL3,,HDC,PTGES3,C17orf103,RP11-598P20.5,,HIST1H3D,,,AC104532.2,,TIMM10B
,,RELL1,CCDC169,NT5DC3,SLC18A2,GPC3,RP1-130H16.18,,SS18,RASAL1,SAMSN1,NPIPA2,,HIST1H2BK,,,AC004076.9,,MYO15B
,,COA4,KB-1980E6.3,PAK1IP1,PTPLA,ANKRD1,PTTG2,,CARD14,STX2,RAB11FIP1,RPP14,,HIST1H4E,,,L34079.2,,C19orf82
,,SRPR,PINX1,MAN1A1,ABTB2,ADM,FOXD1,,EVI5L,TPI1,ERG,RP13-512J5.1,,HIST2H2BF,,,AC012360.2,,AC104532.2
,,C21orf67,RP11-87C12.2,MDN1,SMPD1,SLC7A11,TAS2R30,,DTL,C12orf57,PALM2-AKAP2,PRR24,,FAM127B,,,AC003006.7,,CTB-102L5.4
,,HIST2H2AA3,AC025263.3,TREML2,DCHS1,DIP2C,RP11-345J4.3,,IQSEC1,WASF1,SLC37A3,SOX7,,HSD17B8,,,CTD-2561J22.3,,AC003005.4
,,ALYREF,SOX7,WASF1,RAG1,FRMD4A,RP11-1055B8.6,,ZC3HAV1L,SNX3,PAFAH2,AC015688.3,,HCG27,,,,,AC003002.4
,,HDDC3,ST20-MTHFS,BYSL,SLFN5,HOMER1,AP001421.1,,ST18,HMGCS1,RGL4,RP11-318A15.7,,NRAS,,,,,AC011530.4
,,IMMP2L,RP11-156P1.2,DNPH1,SLC43A2,PFKM,AC004017.1,,ITGB1,TMCO6,SPON2,LUZP6,,RSC1A1,,,,,CTD-2583A14.10
,,SIVA1,RP11-795F19.5,VEGFA,AC018755.1,RGPD3,AC010760.1,,PDCD4,THG1L,IL6R,RP11-139J15.7,,RP4-758J18.2,,,,,CTD-2561J22.3
,,PURA,AC013449.1,SLC29A1,KRT1,NEIL2,,,CENPU,CNOT6,NTN3,,,NOL7,,,,,RP11-544M22.13
,,F8A3,CTC-429P9.4,POLR3G,RCOR2,GBP5,,,UTRN,POLR3G,PPAP2B,,,CISD3,,,,,MUSTN1
,,ZFP91,RP11-343C2.12,BRIX1,IGFBP6,FAM27C,,,UBASH3B,IL4,DHRS3,,,HIST1H2AM,,,,,
,,TNFRSF4,,GNPDA1,RHOH,FGD5,,,FGD5,ATP6V0E1,GFI1,,,RPEL1,,,,,
,,DYNC2H1,,RARS,CD52,CREB3L1,,,KLF10,AMOTL2,ATF3,,,TM4SF2,,,,,
,,TAF9B,,FAM162A,VPREB1,CD1A,,,MARVELD1,FAM162A,S100A11,,,HIST1H3F,,,,,
,,AC002398.9,,GBE1,S1PR1,CD1C,,,SAMSN1,USP9Y,STT3B,,,PRR24,,,,,
,,HES4,,HEMK1,APLN,CD1B,,,RAB11FIP1,PEX5L,SGOL2,,,GALT,,,,,
,,ACN9,,PEX5L,CXXC5,CD1E,,,ERG,ABHD14A-ACY1,ANKRD33B,,,AC020922.1,,,,,
,,GTF2E2,,RRP9,FOXB1,GART,,,TMED4,PLCH1,TXLNB,,,AC004076.7,,,,,
,,RPE,,ABHD14A-ACY1,NEGR1,ATP5G1,,,PAGE5,SLC35F5,RAET1E,,,CTD-2207O23.10,,,,,
,,HIST1H2BF,,WDR75,RASGRP1,TLCD1,,,RGL4,EIF2B4,SUN3,,,CKS1B,,,,,
,,F8A1,,HSPE1,ARPP21,LY6E,,,NBEAL2,IGFBP2,FAM219A,,,,,,,,
,,ZNF442,,PNO1,DAB1,SCGB3A1,,,PPAP2B,MOB4,TSHR,,,,,,,,
,,SPRED2,,RND3,SPTBN2,EIF4A1,,,DENND2D,PLEKHB2,TC2N,,,,,,,,
,,F8A2,,FARSB,LIG4,GBP4,,,PBXIP1,COX7A2L,IGFBP6,,,,,,,,
,,BHLHB9,,MECR,CNIH2,GPR155,,,S100P,EPAS1,SOAT2,,,,,,,,
,,NAGA,,RHOU,RAG2,COL6A3,,,ZNF12,DHCR24,EVPL,,,,,,,,
,,HIST2H2AA4,,SRM,FAM89B,ICOS,,,TP53INP1,KIF21B,GNG4,,,,,,,,
,,HIST2H2BF,,UCHL5,DNAJC28,SLC6A20,,,ZNF367,ID3,PXK,,,,,,,,
,,HLA-F,,C1orf109,PVRL3,LZTFL1,,,MFAP4,CR2,PKIG,,,,,,,,
,,NRAS,,CR2,SLC35G5,TKT,,,IGFBP6,RCAN3,SLC50A1,,,,,,,,
,,EVPLL,,EBNA1BP2,ANXA2R,ABLIM2,,,SOAT2,CENPF,EFNA1,,,,,,,,
,,HIST1H2AM,,DIEXF,FUCA1,HSPA4L,,,NUDT8,APOA1,CD52,,,,,,,,
,,ISY1,,CD3EAP,ZFPM1,NDST3,,,EVPL,ATF6,VPREB1,,,,,,,,
,,AKAP2,,FAM86A,FZD2,ABCE1,,,TMC8,TRIM67,UGP2,,,,,,,,
,,GNG10,,UCHL3,MTURN,F2RL2,,,TK1,DCAF4,FAM115C,,,,,,,,
,,EIF4EBP3,,HEATR1,SHISA2,DEFA6,,,ITFG3,GORAB,S1PR1,,,,,,,,
,,DNAJC25-GNG10,,NDUFA8,ZNF792,WNK2,,,RNF187,SLC10A7,S100Z,,,,,,,,
,,LY75-CD302,,DCAF4,SATB1,DDX21,,,UBTD2,EGR1,KRCC1,,,,,,,,
,,C8orf88,,RCL1,GATSL1,NOLC1,,,RFWD3,PLS1,RASGRP1,,,,,,,,
,,ZFP91-CNTF,,MTHFD1L,CCR4,CD300A,,,ATF5,EPHX2,TMEM217,,,,,,,,
,,EBLN2,,PLEKHG1,SH2D1A,IL7R,,,SLC50A1,PSPC1,RAB37,,,,,,,,
,,RP4-734P14.4,,NUDCD1,UBE2F,PRELID1,,,VPREB1,B4GALT4,RAPH1,,,,,,,,
,,RP11-286N22.8,,EGR1,PTP4A3,MYO7B,,,USP50,CXCR4,DAB1,,,,,,,,
,,RP11-293I14.2,,UTP20,FAM110C,FAM27B,,,WIBG,XPNPEP2,NRROS,,,,,,,,
,,RP11-47I22.4,,CHRNA2,EVI2B,FRMPD2,,,MZB1,OCRL,PIK3R6,,,,,,,,
,,RP11-371E8.4,,EPHX2,C1orf186,RSL1D1,,,EMB,HOXA7,FAM174A,,,,,,,,
,,RP11-343C2.7,,TNFRSF8,TMEM26,CEBPB,,,S1PR1,GLIPR2,LIG4,,,,,,,,
,,RP11-96O20.4,,RDH10,GATSL2,RAPH1,,,GIMAP8,EGR2,PCCA,,,,,,,,
,,RP11-322E11.6,,AKAP1,ZNF521,DLEU1,,,APLN,VPS26A,ORAI3,,,,,,,,
,,AC020922.1,,TNFSF10,RORB,IMPDH2,,,CXXC5,HVCN1,KCNA3,,,,,,,,
,,CTD-2583A14.9,,CD244,AL365202.1,DDX10,,,ZIK1,RNF11,KCNA2,,,,,,,,
,,RP11-426L16.10,,PRDX4,FOXO6,GLDC,,,BCL2,EBPL,ANXA2R,,,,,,,,
,,GS1-259H13.10,,NLN,GPR56,C10orf91,,,RRM2,ORMDL2,PRF1,,,,,,,,
,,RP11-216L13.17,,METTL21B,S1PR3,GPR157,,,CTSW,SARDH,CREB3L2,,,,,,,,
,,,,NDUFAF4,DDAH2,PPA1,,,RAB37,DBH,RP11-863K10.7,,,,,,,,
,,,,DNPEP,NEURL1B,SHMT2,,,EXO1,TTPAL,SERHL2,,,,,,,,
,,,,PTGIS,GATSL3,FAM27A,,,ARHGAP1,PMEPA1,FAM101B,,,,,,,,
,,,,PMEPA1,RP1-130H16.18,TEX19,,,CCNE2,IL9R,SLC35F3,,,,,,,,
,,,,XPO5,AC069368.3,PYCR1,,,GRAMD2,SNRPC,TTC32,,,,,,,,
,,,,PRICKLE4,AP001421.1,SERHL2,,,UCP2,XPO5,SH2D1A,,,,,,,,
,,,,CDKN1A,CTD-3105H18.16,PCBP3,,,FOSL1,TM9SF2,PIWIL3,,,,,,,,
,,,,EEF1E1,,PGPEP1L,,,C15orf53,FOSB,PRSS57,,,,,,,,
,,,,SH3TC1,,SLC35F3,,,ORAI3,SNRPB,SOCS1,,,,,,,,
,,,,MT2A,,PTP4A2,,,ZNF683,PROZ,C1orf227,,,,,,,,
,,,,DDX31,,PIWIL3,,,KCNA2,STAT5A,FAM212A,,,,,,,,
,,,,BHLHE23,,PRMT3,,,KDELC2,SGPP1,IRS2,,,,,,,,
,,,,POLR1B,,RGPD2,,,COX14,DYRK2,LRRC70,,,,,,,,
,,,,ITPA,,NDUFA4L2,,,CD28,KLF2,KCNJ11,,,,,,,,
,,,,EIF2S2,,OR10T2,,,MYADM,METTL25,ARL4C,,,,,,,,
,,,,NR1D1,,RXRA,,,PRF1,SPINK2,SELL,,,,,,,,
,,,,TRAP1,,HPDL,,,ZNF443,TPST2,FHIT,,,,,,,,
,,,,EMG1,,KCNJ11,,,TNRC18,MYO1B,C9orf163,,,,,,,,
,,,,APOL3,,EXD3,,,CREB3L2,ANAPC13,PRTN3,,,,,,,,
,,,,MYO1B,,RGPD1,,,UBA7,LDLR,C5orf56,,,,,,,,
,,,,CHAC1,,EIF4EBP1,,,ORAI1,XPO7,TMEM229B,,,,,,,,
,,,,MRM1,,NCR3LG1,,,SPNS3,EIF2S3,CTNND1,,,,,,,,
,,,,RHBDF2,,HES4,,,SERHL2,PLXNA3,RCSD1,,,,,,,,
,,,,HDHD1,,NOC2L,,,SLC35F3,C1QL1,GRK5,,,,,,,,
,,,,ECSIT,,IARS,,,APOBR,COX4I1,FAM231D,,,,,,,,
,,,,TOMM40,,GIMAP5,,,C1ORF220,SLC6A6,LIME1,,,,,,,,
,,,,GTPBP3,,CD55,,,PRSS57,KIF3A,IFIT1B,,,,,,,,
,,,,SCO2,,EVL,,,SOCS1,TOP2A,LIPN,,,,,,,,
,,,,ASS1,,IPO4,,,C1orf227,CHD1L,ZDBF2,,,,,,,,
,,,,PPAN,,SLC6A9,,,FAM212A,C19orf57,C6orf48,,,,,,,,
,,,,DKC1,,RGPD4,,,C16orf54,PER2,PTCHD2,,,,,,,,
,,,,PDHA1,,KIAA1211L,,,CXCR3,NIP7,GPR56,,,,,,,,
,,,,CHSY1,,ANXA4,,,CXXC11,TERF2,CRLF2,,,,,,,,
,,,,SNRPA1,,RPF2,,,SELL,ATP8A2,TAS2R50,,,,,,,,
,,,,ACACA,,TMEM229B,,,FAM111B,E2F5,ATP6V1G2,,,,,,,,
,,,,CLUH,,NRARP,,,FHIT,TMEM66,NUDT19,,,,,,,,
,,,,MYBBP1A,,SOWAHA,,,GIMAP5,FAM127A,TMEM213,,,,,,,,
,,,,COQ3,,CR1,,,MYO18A,BTF3L4,ZSWIM8,,,,,,,,
,,,,HRSP12,,VARS,,,ZNF700,RNF138,AC007956.1,,,,,,,,
,,,,ACY3,,ITGA1,,,DPP4,PSAT1,VAMP2,,,,,,,,
,,,,ALDH3B2,,LYRM4,,,MGEA5,FBXO21,LTA,,,,,,,,
,,,,DPH2,,IFRD2,,,C1orf228,DTX1,LTB,,,,,,,,
,,,,HSPBP1,,IFI30,,,CHAMP1,POM121C,DHFR,,,,,,,,
,,,,MACROD1,,MCIDAS,,,TOX,NAT10,AL590708.2,,,,,,,,
,,,,LARS,,NME1,,,DDO,PRRG4,KIAA0040,,,,,,,,
,,,,E2F5,,MIF,,,LIME1,CD164,AC018816.3,,,,,,,,
,,,,MICALCL,,PPAN-P2RY11,,,C6orf48,CCDC142,B3GNT9,,,,,,,,
,,,,GSC,,NME1-NME2,,,NCR3,ABCB10,C2orf74,,,,,,,,
,,,,BHLHE40,,PGAM5,,,LST1,USP44,TNFRSF13B,,,,,,,,
,,,,FKBP11,,CHCHD10,,,PDE7A,RCBTB2,AKAP2,,,,,,,,
,,,,TIMM17A,,AP000350.10,,,GPR56,ZDHHC4,ERVFRD-1,,,,,,,,
,,,,IL15RA,,P2RX5-TAX1BP3,,,ANKRD28,ZFHX2,CTD-2215E18.1,,,,,,,,
,,,,YARS,,AL807752.1,,,REPIN1,SCN7A,FXYD6-FXYD2,,,,,,,,
,,,,GNL2,,,,,TMEM213,SLC31A1,SMIM3,,,,,,,,
,,,,WDR36,,,,,AL020996.1,MYC,RP11-324D17.1,,,,,,,,
,,,,PSAT1,,,,,LTB,C6orf52,RP11-599B13.6,,,,,,,,
,,,,DTX1,,,,,KBTBD4,PRKRIR,RP11-45M22.4,,,,,,,,
,,,,LMO2,,,,,PSMB9,NARS2,DYNLL2,,,,,,,,
,,,,NAT10,,,,,ERVFRD-1,SLC37A4,CTD-3148I10.9,,,,,,,,
,,,,LTV1,,,,,APOBEC3C,CTDSPL2,AC010441.1,,,,,,,,
,,,,SMYD5,,,,,CTD-2215E18.1,CCBL2,RP4-583P15.14,,,,,,,,
,,,,URB2,,,,,SIGLEC12,KHK,,,,,,,,,
,,,,RCBTB2,,,,,KRTAP5-9,IDH1,,,,,,,,,
,,,,BZW2,,,,,RAB44,G3BP2,,,,,,,,,
,,,,TBRG4,,,,,CRIP1,PPA2,,,,,,,,,
,,,,DDX56,,,,,RP11-47I22.4,AMIGO2,,,,,,,,,
,,,,SCN7A,,,,,AE000662.92,MMAB,,,,,,,,,
,,,,IMP4,,,,,DYNLL2,GALNT6,,,,,,,,,
,,,,GYPC,,,,,CTD-2267D19.3,TMBIM6,,,,,,,,,
,,,,DAB2IP,,,,,AC011551.3,LPAR6,,,,,,,,,
,,,,RABEPK,,,,,CTD-3105H18.16,MBNL2,,,,,,,,,
,,,,MYC,,,,,CTD-3148I10.9,GPR65,,,,,,,,,
,,,,ALDH1B1,,,,,ITFG3,HDC,,,,,,,,,
,,,,NARS2,,,,,RP4-583P15.14,BNIP2,,,,,,,,,
,,,,DCUN1D5,,,,,,IGF1R,,,,,,,,,
,,,,RSL24D1,,,,,,PIF1,,,,,,,,,
,,,,PNPT1,,,,,,KIFC3,,,,,,,,,
,,,,LRPPRC,,,,,,IRF8,,,,,,,,,
,,,,DUSP5,,,,,,MYO19,,,,,,,,,
,,,,ATIC,,,,,,SPATA22,,,,,,,,,
,,,,METTL5,,,,,,SKAP1,,,,,,,,,
,,,,SSB,,,,,,ARSG,,,,,,,,,
,,,,WDR12,,,,,,TAF4B,,,,,,,,,
,,,,ANXA3,,,,,,ATHL1,,,,,,,,,
,,,,ENPEP,,,,,,APP,,,,,,,,,
,,,,DUSP6,,,,,,CREG1,,,,,,,,,
,,,,SYCP3,,,,,,MCL1,,,,,,,,,
,,,,MMAB,,,,,,SUSD4,,,,,,,,,
,,,,WDR89,,,,,,SLC39A1,,,,,,,,,
,,,,JDP2,,,,,,SRP9,,,,,,,,,
,,,,WARS,,,,,,FBXO28,,,,,,,,,
,,,,SORD,,,,,,GPR17,,,,,,,,,
,,,,IGF1R,,,,,,CPO,,,,,,,,,
,,,,PMM2,,,,,,CTDSPL,,,,,,,,,
,,,,IRF8,,,,,,SCD5,,,,,,,,,
,,,,CIRH1A,,,,,,SRD5A1,,,,,,,,,
,,,,NOB1,,,,,,GZMA,,,,,,,,,
,,,,ARSG,,,,,,GFRA3,,,,,,,,,
,,,,PTRH2,,,,,,GLUD1,,,,,,,,,
,,,,TAF4B,,,,,,EIF4EBP2,,,,,,,,,
,,,,RPRD1A,,,,,,FUOM,,,,,,,,,
,,,,PMAIP1,,,,,,AASDHPPT,,,,,,,,,
,,,,URB1,,,,,,FADS1,,,,,,,,,
,,,,CARM1,,,,,,CHEK1,,,,,,,,,
,,,,ZNF593,,,,,,OCSTAMP,,,,,,,,,
,,,,PSMA5,,,,,,PTS,,,,,,,,,
,,,,OAZ3,,,,,,QDPR,,,,,,,,,
,,,,SUSD4,,,,,,TMEM132D,,,,,,,,,
,,,,CHAC2,,,,,,PELO,,,,,,,,,
,,,,GPR17,,,,,,PTPRK,,,,,,,,,
,,,,HSPD1,,,,,,BCL2L11,,,,,,,,,
,,,,SHQ1,,,,,,RMND5A,,,,,,,,,
,,,,SRPRB,,,,,,DGKE,,,,,,,,,
,,,,ECE2,,,,,,CC2D1B,,,,,,,,,
,,,,LYAR,,,,,,BUB3,,,,,,,,,
,,,,PLAC8,,,,,,CDK19,,,,,,,,,
,,,,SETD7,,,,,,TSPAN7,,,,,,,,,
,,,,NKD2,,,,,,SFXN2,,,,,,,,,
,,,,NOM1,,,,,,BAG4,,,,,,,,,
,,,,NLGN4X,,,,,,CNNM4,,,,,,,,,
,,,,SLC25A37,,,,,,TMSB15A,,,,,,,,,
,,,,DOCK5,,,,,,CD1A,,,,,,,,,
,,,,NR6A1,,,,,,ELK4,,,,,,,,,
,,,,PDSS1,,,,,,RUNX1,,,,,,,,,
,,,,ANKRD1,,,,,,ALDH4A1,,,,,,,,,
,,,,PPRC1,,,,,,VMA21,,,,,,,,,
,,,,ADM,,,,,,PDE9A,,,,,,,,,
,,,,DGKZ,,,,,,CBS,,,,,,,,,
,,,,DHX37,,,,,,CD3G,,,,,,,,,
,,,,SLC7A11,,,,,,NAGS,,,,,,,,,
,,,,PLBD2,,,,,,GRASP,,,,,,,,,
,,,,FRMD4A,,,,,,EIF4A1,,,,,,,,,
,,,,QDPR,,,,,,SNRNP25,,,,,,,,,
,,,,QTRTD1,,,,,,RBBP4,,,,,,,,,
,,,,AP1S3,,,,,,CAMK2N1,,,,,,,,,
,,,,SETBP1,,,,,,NLRP3,,,,,,,,,
,,,,HOMER1,,,,,,FAIM3,,,,,,,,,
,,,,PFKM,,,,,,H3F3A,,,,,,,,,
,,,,PELO,,,,,,BMP10,,,,,,,,,
,,,,ANAPC1,,,,,,COL6A3,,,,,,,,,
,,,,RGPD3,,,,,,SRGAP2,,,,,,,,,
,,,,NEIL2,,,,,,PLB1,,,,,,,,,
,,,,GBP5,,,,,,BDH2,,,,,,,,,
,,,,FAM27C,,,,,,CDC25A,,,,,,,,,
,,,,OXNAD1,,,,,,SHISA5,,,,,,,,,
,,,,APCDD1,,,,,,NDST3,,,,,,,,,
,,,,NIFK,,,,,,STK17A,,,,,,,,,
,,,,PPARGC1B,,,,,,NOS3,,,,,,,,,
,,,,ADK,,,,,,C9orf64,,,,,,,,,
,,,,UTP14A,,,,,,PGM2L1,,,,,,,,,
,,,,CREB3L1,,,,,,CRYL1,,,,,,,,,
,,,,DUSP2,,,,,,PACSIN3,,,,,,,,,
,,,,CD1B,,,,,,TTC7B,,,,,,,,,
,,,,CD1E,,,,,,PTER,,,,,,,,,
,,,,ZNF276,,,,,,RAB8B,,,,,,,,,
,,,,GART,,,,,,APBB1,,,,,,,,,
,,,,ATP5G1,,,,,,RBPMS2,,,,,,,,,
,,,,HK2,,,,,,ZBTB39,,,,,,,,,
,,,,ATAD3B,,,,,,NAB2,,,,,,,,,
,,,,ANKLE1,,,,,,PDIA3,,,,,,,,,
,,,,CCDC58,,,,,,GNGT2,,,,,,,,,
,,,,WDR4,,,,,,RAB4B,,,,,,,,,
,,,,CBS,,,,,,C19orf55,,,,,,,,,
,,,,LSS,,,,,,MFSD3,,,,,,,,,
,,,,TLCD1,,,,,,CD300A,,,,,,,,,
,,,,GPATCH4,,,,,,TMEM88,,,,,,,,,
,,,,LY6E,,,,,,HRASLS5,,,,,,,,,
,,,,SCGB3A1,,,,,,PAFAH1B2,,,,,,,,,
,,,,YDJC,,,,,,DDIT4,,,,,,,,,
,,,,COA7,,,,,,COA6,,,,,,,,,
,,,,SEPN1,,,,,,HIST1H1E,,,,,,,,,
,,,,GBP4,,,,,,MECP2,,,,,,,,,
,,,,CCDC138,,,,,,CSNK1G1,,,,,,,,,
,,,,PGLYRP4,,,,,,UBE2V2,,,,,,,,,
,,,,ANTXR2,,,,,,ANTXR1,,,,,,,,,
,,,,COL6A3,,,,,,BUB1,,,,,,,,,
,,,,CHCHD4,,,,,,MYO7B,,,,,,,,,
,,,,ICOS,,,,,,FOS,,,,,,,,,
,,,,WDR43,,,,,,ADORA2B,,,,,,,,,
,,,,SLC6A20,,,,,,GSTA4,,,,,,,,,
,,,,LZTFL1,,,,,,ATP6V0E2,,,,,,,,,
,,,,FYCO1,,,,,,SLC25A33,,,,,,,,,
,,,,GNL3,,,,,,NINJ2,,,,,,,,,
,,,,S100P,,,,,,SLFN12,,,,,,,,,
,,,,HSPA4L,,,,,,DCP2,,,,,,,,,
,,,,NAA15,,,,,,DHCR7,,,,,,,,,
,,,,ABCE1,,,,,,GLRX,,,,,,,,,
,,,,NDUFAF2,,,,,,CCR9,,,,,,,,,
,,,,F2RL2,,,,,,KLHL15,,,,,,,,,
,,,,UTP15,,,,,,TLR6,,,,,,,,,
,,,,FABP5,,,,,,ZCCHC12,,,,,,,,,
,,,,HEATR2,,,,,,TRAF6,,,,,,,,,
,,,,DEFA6,,,,,,UCP2,,,,,,,,,
,,,,ABCA1,,,,,,PAAF1,,,,,,,,,
,,,,FXN,,,,,,ETV4,,,,,,,,,
,,,,CYBB,,,,,,ZNF683,,,,,,,,,
,,,,WNK2,,,,,,CHMP6,,,,,,,,,
,,,,NOL6,,,,,,HSD11B2,,,,,,,,,
,,,,RPUSD4,,,,,,DEFB4B,,,,,,,,,
,,,,PMPCA,,,,,,AC024940.1,,,,,,,,,
,,,,DDX21,,,,,,CSTF2T,,,,,,,,,
,,,,BMS1,,,,,,NDUFAF3,,,,,,,,,
,,,,IKBIP,,,,,,GLDC,,,,,,,,,
,,,,TRMT61A,,,,,,MPI,,,,,,,,,
,,,,NOLC1,,,,,,EXOSC4,,,,,,,,,
,,,,PLEKHF1,,,,,,MCFD2,,,,,,,,,
,,,,IDH3A,,,,,,TSPYL5,,,,,,,,,
,,,,MARS,,,,,,GPR157,,,,,,,,,
,,,,PHB,,,,,,AEN,,,,,,,,,
,,,,TRUB2,,,,,,ZNF746,,,,,,,,,
,,,,TBC1D16,,,,,,C6orf223,,,,,,,,,
,,,,MFSD3,,,,,,GPR3,,,,,,,,,
,,,,TSR1,,,,,,NOP10,,,,,,,,,
,,,,NUDT8,,,,,,FAM27A,,,,,,,,,
,,,,CTD-2369P2.10,,,,,,HIST1H3I,,,,,,,,,
,,,,CD300A,,,,,,CMC4,,,,,,,,,
,,,,MLKL,,,,,,GLUD2,,,,,,,,,
,,,,POLR3D,,,,,,PYCR1,,,,,,,,,
,,,,IL7R,,,,,,SLC25A10,,,,,,,,,
,,,,PRELID1,,,,,,C21orf67,,,,,,,,,
,,,,MYO7B,,,,,,ALYREF,,,,,,,,,
,,,,FAM27B,,,,,,SETD8,,,,,,,,,
,,,,FRMPD2,,,,,,DIABLO,,,,,,,,,
,,,,LONRF2,,,,,,PTP4A3,,,,,,,,,
,,,,BOP1,,,,,,TUSC5,,,,,,,,,
,,,,GIMAP8,,,,,,TMED9,,,,,,,,,
,,,,POLR1C,,,,,,PURA,,,,,,,,,
,,,,RSL1D1,,,,,,RBM11,,,,,,,,,
,,,,PTCRA,,,,,,GAS2L1,,,,,,,,,
,,,,CYCS,,,,,,F8A3,,,,,,,,,
,,,,CEBPB,,,,,,ANKRD46,,,,,,,,,
,,,,COPRS,,,,,,SAPCD2,,,,,,,,,
,,,,TMEM217,,,,,,INSIG1,,,,,,,,,
,,,,PDP2,,,,,,ZFP91,,,,,,,,,
,,,,DHCR7,,,,,,C17orf58,,,,,,,,,
,,,,NOC3L,,,,,,CCDC42B,,,,,,,,,
,,,,RAPH1,,,,,,PTRH1,,,,,,,,,
,,,,TRIB1,,,,,,TLR5,,,,,,,,,
,,,,PPP1R14B,,,,,,SPRY4,,,,,,,,,
,,,,CCDC41,,,,,,ERAS,,,,,,,,,
,,,,SLC19A1,,,,,,TCEA1,,,,,,,,,
,,,,TRMT10C,,,,,,DMBT1,,,,,,,,,
,,,,CTU2,,,,,,TUBB4B,,,,,,,,,
,,,,C12orf66,,,,,,HES4,,,,,,,,,
,,,,C19orf70,,,,,,ZNF79,,,,,,,,,
,,,,CCDC85B,,,,,,POM121,,,,,,,,,
,,,,TOMM5,,,,,,ASB13,,,,,,,,,
,,,,RUVBL1,,,,,,ACN9,,,,,,,,,
,,,,DLEU1,,,,,,TMEM26,,,,,,,,,
,,,,PUS1,,,,,,ACSL5,,,,,,,,,
,,,,SLC25A22,,,,,,HIST1H4J,,,,,,,,,
,,,,SOX12,,,,,,DDI2,,,,,,,,,
,,,,IMPDH2,,,,,,HIST1H2BH,,,,,,,,,
,,,,DDX10,,,,,,GZMM,,,,,,,,,
,,,,GLDC,,,,,,CDC42SE1,,,,,,,,,
,,,,PFAS,,,,,,S100A10,,,,,,,,,
,,,,RRS1,,,,,,F8A1,,,,,,,,,
,,,,ZSCAN4,,,,,,MBP,,,,,,,,,
,,,,PCGF5,,,,,,MB,,,,,,,,,
,,,,GPR157,,,,,,FAM109A,,,,,,,,,
,,,,PPA1,,,,,,SPRED2,,,,,,,,,
,,,,AEN,,,,,,GFPT1,,,,,,,,,
,,,,SYNM,,,,,,F8A2,,,,,,,,,
,,,,FAM27A,,,,,,TMA16,,,,,,,,,
,,,,RGS6,,,,,,ARC,,,,,,,,,
,,,,PYCR1,,,,,,SOWAHA,,,,,,,,,
,,,,RUVBL2,,,,,,NAGA,,,,,,,,,
,,,,PSMG1,,,,,,KIAA1279,,,,,,,,,
,,,,PCBP3,,,,,,HSD17B8,,,,,,,,,
,,,,PGPEP1L,,,,,,VARS,,,,,,,,,
,,,,ZNRF3,,,,,,HLA-C,,,,,,,,,
,,,,SFXN4,,,,,,PABPN1L,,,,,,,,,
,,,,TBL3,,,,,,SACM1L,,,,,,,,,
,,,,KCTD16,,,,,,C17orf51,,,,,,,,,
,,,,SLC35F3,,,,,,NRAS,,,,,,,,,
,,,,EIF3C,,,,,,CHUK,,,,,,,,,
,,,,NR2C2AP,,,,,,AS3MT,,,,,,,,,
,,,,SCFD2,,,,,,MTCP1,,,,,,,,,
,,,,CMSS1,,,,,,C20orf202,,,,,,,,,
,,,,CEND1,,,,,,RSC1A1,,,,,,,,,
,,,,PIWIL3,,,,,,CKLF,,,,,,,,,
,,,,XPOT,,,,,,RPA3-AS1,,,,,,,,,
,,,,AMER1,,,,,,SMIM13,,,,,,,,,
,,,,TMEM186,,,,,,CISD3,,,,,,,,,
,,,,PIGW,,,,,,FAM203B,,,,,,,,,
,,,,PRMT3,,,,,,CYP21A2,,,,,,,,,
,,,,THNSL1,,,,,,FAM203A,,,,,,,,,
,,,,HPDL,,,,,,ISY1,,,,,,,,,
,,,,PRR5,,,,,,RP11-508N12.4,,,,,,,,,
,,,,KCNJ11,,,,,,ACY1,,,,,,,,,
,,,,EIF4EBP1,,,,,,TMEM141,,,,,,,,,
,,,,MORN2,,,,,,ETV5,,,,,,,,,
,,,,NCR3LG1,,,,,,TM4SF2,,,,,,,,,
,,,,HES4,,,,,,RP11-872D17.8,,,,,,,,,
,,,,NOC2L,,,,,,RP13-279N23.2,,,,,,,,,
,,,,ADAT2,,,,,,RP11-867G23.8,,,,,,,,,
,,,,ALKBH2,,,,,,RP4-734P14.4,,,,,,,,,
,,,,IARS,,,,,,GPR142,,,,,,,,,
,,,,GIMAP5,,,,,,TRIM34,,,,,,,,,
,,,,CD55,,,,,,RP11-403P17.5,,,,,,,,,
,,,,LONP1,,,,,,ISY1-RAB43,,,,,,,,,
,,,,ASB13,,,,,,SLC25A10,,,,,,,,,
,,,,EVL,,,,,,LUZP6,,,,,,,,,
,,,,S100A5,,,,,,MIA-RAB4B,,,,,,,,,
,,,,YRDC,,,,,,FLJ00273,,,,,,,,,
,,,,IPO4,,,,,,CTD-2192J16.24,,,,,,,,,
,,,,SLC6A9,,,,,,,,,,,,,,,
,,,,RGPD4,,,,,,,,,,,,,,,
,,,,RPF2,,,,,,,,,,,,,,,
,,,,CFD,,,,,,,,,,,,,,,
,,,,ATAD3A,,,,,,,,,,,,,,,
,,,,MAK16,,,,,,,,,,,,,,,
,,,,TMEM229B,,,,,,,,,,,,,,,
,,,,ZNF485,,,,,,,,,,,,,,,
,,,,NRARP,,,,,,,,,,,,,,,
,,,,TMA16,,,,,,,,,,,,,,,
,,,,ANKRD13B,,,,,,,,,,,,,,,
,,,,PNP,,,,,,,,,,,,,,,
,,,,CR1,,,,,,,,,,,,,,,
,,,,VARS,,,,,,,,,,,,,,,
,,,,NCR3,,,,,,,,,,,,,,,
,,,,KM-PA-2,,,,,,,,,,,,,,,
,,,,FAM216A,,,,,,,,,,,,,,,
,,,,ARL2,,,,,,,,,,,,,,,
,,,,ITGA1,,,,,,,,,,,,,,,
,,,,ALG3,,,,,,,,,,,,,,,
,,,,IFRD2,,,,,,,,,,,,,,,
,,,,IFI30,,,,,,,,,,,,,,,
,,,,C17orf89,,,,,,,,,,,,,,,
,,,,WDR46,,,,,,,,,,,,,,,
,,,,CISD3,,,,,,,,,,,,,,,
,,,,FAM27E3,,,,,,,,,,,,,,,
,,,,AL353698.1,,,,,,,,,,,,,,,
,,,,AP001468.1,,,,,,,,,,,,,,,
,,,,NME1,,,,,,,,,,,,,,,
,,,,ADSL,,,,,,,,,,,,,,,
,,,,LRRD1,,,,,,,,,,,,,,,
,,,,ARHGAP8,,,,,,,,,,,,,,,
,,,,PWP2,,,,,,,,,,,,,,,
,,,,MTFP1,,,,,,,,,,,,,,,
,,,,PPAN-P2RY11,,,,,,,,,,,,,,,
,,,,NME1-NME2,,,,,,,,,,,,,,,
,,,,P2RY11,,,,,,,,,,,,,,,
,,,,H2AFJ,,,,,,,,,,,,,,,
,,,,PGAM5,,,,,,,,,,,,,,,
,,,,MARS2,,,,,,,,,,,,,,,
,,,,PRR5-ARHGAP8,,,,,,,,,,,,,,,
,,,,CHCHD10,,,,,,,,,,,,,,,
,,,,PINX1,,,,,,,,,,,,,,,
,,,,RP11-712L6.5,,,,,,,,,,,,,,,
,,,,HMBS,,,,,,,,,,,,,,,
,,,,RP11-613M10.8,,,,,,,,,,,,,,,
,,,,RP3-468K18.5,,,,,,,,,,,,,,,
,,,,GALNT4,,,,,,,,,,,,,,,
,,,,P2RX5-TAX1BP3,,,,,,,,,,,,,,,
,,,,POC1B-GALNT4,,,,,,,,,,,,,,,
,,,,RP11-468E2.2,,,,,,,,,,,,,,,
,,,,FDX1L,,,,,,,,,,,,,,,
,,,,C19orf83,,,,,,,,,,,,,,,
,,,,AC004076.7,,,,,,,,,,,,,,,
,,,,FLJ00273,,,,,,,,,,,,,,,
,,,,AL590560.1,,,,,,,,,,,,,,,
,,,,MINOS1-NBL1,,,,,,,,,,,,,,,